{
  "as_of": "2026-03-13T11:30:02Z",
  "trades_7d": 270,
  "wins_7d": 114,
  "losses_7d": 106,
  "win_rate": 42.22,
  "expectancy_usd": 0.0132,
  "profit_factor": 1.321,
  "pnl_7d_usd": 3.5747,
  "max_drawdown_usd": 2.7889,
  "semaforo": "AMARILLO",
  "reason": "Edge preliminar, seguir validando",
  "by_ticker": {
    "NEAR": {
      "count": 36,
      "pnl": -0.472223
    },
    "DOGE": {
      "count": 30,
      "pnl": 0.27108399999999994
    },
    "ETH": {
      "count": 32,
      "pnl": 0.503199
    },
    "LTC": {
      "count": 5,
      "pnl": 0.01675200000000003
    },
    "SOL": {
      "count": 12,
      "pnl": 0.136192
    },
    "SUI": {
      "count": 20,
      "pnl": 0.05327700000000002
    },
    "FLOW": {
      "count": 43,
      "pnl": 0.9875580000000006
    },
    "XRP": {
      "count": 6,
      "pnl": -0.20979
    },
    "LINK": {
      "count": 8,
      "pnl": 0.09774499999999998
    },
    "AVAX": {
      "count": 9,
      "pnl": 0.502224
    },
    "AAVE": {
      "count": 11,
      "pnl": 0.10894000000000001
    },
    "TRX": {
      "count": 5,
      "pnl": 0.07843900000000001
    },
    "BTC": {
      "count": 9,
      "pnl": -0.128913
    },
    "ADA": {
      "count": 2,
      "pnl": 0.175152
    },
    "FET": {
      "count": 4,
      "pnl": 0.10911699999999999
    },
    "RENDER": {
      "count": 20,
      "pnl": 0.402684
    },
    "BNB": {
      "count": 3,
      "pnl": 0.024805000000000008
    },
    "ICP": {
      "count": 8,
      "pnl": 0.11566499999999998
    },
    "GRT": {
      "count": 1,
      "pnl": -0.194328
    },
    "SHIB": {
      "count": 5,
      "pnl": -0.05263199999999996
    },
    "BONK": {
      "count": 1,
      "pnl": 1.049767
    }
  }
}