{
  "as_of": "2026-03-11T18:26:49Z",
  "trades_7d": 357,
  "wins_7d": 151,
  "losses_7d": 139,
  "win_rate": 42.3,
  "expectancy_usd": 0.0101,
  "profit_factor": 1.248,
  "pnl_7d_usd": 3.5963,
  "max_drawdown_usd": 3.4552,
  "semaforo": "AMARILLO",
  "reason": "Edge preliminar, seguir validando",
  "by_ticker": {
    "OP": {
      "count": 10,
      "pnl": -0.5128170000000001
    },
    "ICP": {
      "count": 9,
      "pnl": -0.11355600000000002
    },
    "BTC": {
      "count": 26,
      "pnl": -0.715316
    },
    "BNB": {
      "count": 11,
      "pnl": -0.067225
    },
    "ETH": {
      "count": 40,
      "pnl": 0.8636990000000001
    },
    "SOL": {
      "count": 21,
      "pnl": 0.505489
    },
    "AAVE": {
      "count": 28,
      "pnl": 0.7148710000000001
    },
    "WLD": {
      "count": 1,
      "pnl": -0.019481
    },
    "SUI": {
      "count": 26,
      "pnl": 0.9173270000000003
    },
    "DOGE": {
      "count": 30,
      "pnl": 0.599462
    },
    "XRP": {
      "count": 8,
      "pnl": -0.20979
    },
    "LINK": {
      "count": 12,
      "pnl": 0.03319499999999999
    },
    "ARB": {
      "count": 1,
      "pnl": -0.067683
    },
    "NEAR": {
      "count": 49,
      "pnl": -0.464811
    },
    "LTC": {
      "count": 5,
      "pnl": 0.01675200000000003
    },
    "FLOW": {
      "count": 43,
      "pnl": 0.9875580000000006
    },
    "AVAX": {
      "count": 7,
      "pnl": 0.48711899999999997
    },
    "TRX": {
      "count": 5,
      "pnl": 0.07843900000000001
    },
    "ADA": {
      "count": 2,
      "pnl": 0.175152
    },
    "FET": {
      "count": 3,
      "pnl": -0.01474
    },
    "RENDER": {
      "count": 20,
      "pnl": 0.402684
    }
  }
}