{
  "as_of": "2026-03-14T01:34:22Z",
  "trades_7d": 532,
  "wins_7d": 138,
  "losses_7d": 394,
  "win_rate": 25.94,
  "expectancy_usd": -0.0259,
  "profit_factor": 0.489,
  "pnl_7d_usd": -13.7998,
  "max_drawdown_usd": 14.0259,
  "semaforo": "ROJO",
  "reason": "Sin edge consistente todavia",
  "by_ticker": {
    "DOGE": {
      "count": 30,
      "pnl": -0.5714790000000001
    },
    "ETH": {
      "count": 40,
      "pnl": -0.43481999999999993
    },
    "LTC": {
      "count": 16,
      "pnl": -0.18943500000000002
    },
    "SOL": {
      "count": 23,
      "pnl": -0.333924
    },
    "SUI": {
      "count": 22,
      "pnl": -0.6457849999999999
    },
    "FLOW": {
      "count": 46,
      "pnl": -1.4525300000000005
    },
    "XRP": {
      "count": 7,
      "pnl": -0.493223
    },
    "LINK": {
      "count": 10,
      "pnl": -0.009620000000000017
    },
    "AVAX": {
      "count": 17,
      "pnl": 0.171769
    },
    "NEAR": {
      "count": 19,
      "pnl": -1.0495500000000002
    },
    "AAVE": {
      "count": 21,
      "pnl": -0.20586499999999996
    },
    "TRX": {
      "count": 9,
      "pnl": -0.20076399999999997
    },
    "BTC": {
      "count": 9,
      "pnl": -0.398784
    },
    "ADA": {
      "count": 2,
      "pnl": 0.11497700000000001
    },
    "FET": {
      "count": 4,
      "pnl": -0.010992000000000016
    },
    "RENDER": {
      "count": 20,
      "pnl": -0.19771800000000012
    },
    "BNB": {
      "count": 3,
      "pnl": -0.065221
    },
    "ICP": {
      "count": 10,
      "pnl": -0.180628
    },
    "GRT": {
      "count": 3,
      "pnl": -0.411313
    },
    "SHIB": {
      "count": 23,
      "pnl": -0.7286860000000001
    },
    "BONK": {
      "count": 93,
      "pnl": -3.6445900000000013
    },
    "INJ": {
      "count": 10,
      "pnl": -0.616667
    },
    "UNI": {
      "count": 9,
      "pnl": -0.433402
    },
    "SAND": {
      "count": 12,
      "pnl": -0.15419100000000002
    },
    "ARB": {
      "count": 3,
      "pnl": -0.0009529999999999955
    },
    "GALA": {
      "count": 13,
      "pnl": 0.195175
    },
    "OP": {
      "count": 10,
      "pnl": -0.501404
    },
    "ATOM": {
      "count": 4,
      "pnl": -0.32124400000000003
    },
    "SEI": {
      "count": 8,
      "pnl": -0.28899800000000003
    },
    "ALGO": {
      "count": 12,
      "pnl": -0.41549700000000006
    },
    "APT": {
      "count": 8,
      "pnl": -0.277349
    },
    "ETC": {
      "count": 7,
      "pnl": -0.212125
    },
    "XLM": {
      "count": 5,
      "pnl": 0.25407899999999994
    },
    "BCH": {
      "count": 4,
      "pnl": -0.08903
    }
  }
}