{
  "as_of": "2026-03-10T22:55:01Z",
  "trades_7d": 461,
  "wins_7d": 269,
  "losses_7d": 135,
  "win_rate": 58.35,
  "expectancy_usd": 0.6335,
  "profit_factor": 22.556,
  "pnl_7d_usd": 292.0483,
  "max_drawdown_usd": 1.6529,
  "semaforo": "VERDE",
  "reason": "Edge consistente en ventana reciente",
  "by_ticker": {
    "SOL": {
      "count": 22,
      "pnl": 2.724901000000001
    },
    "ETH": {
      "count": 38,
      "pnl": 2.8436369999999984
    },
    "SUI": {
      "count": 24,
      "pnl": 2.8487400000000007
    },
    "INJ": {
      "count": 1,
      "pnl": 0.363036
    },
    "BTC": {
      "count": 26,
      "pnl": 1.6081959999999997
    },
    "LINK": {
      "count": 11,
      "pnl": 0.4367439999999999
    },
    "GALA": {
      "count": 1,
      "pnl": -0.062992
    },
    "BNB": {
      "count": 12,
      "pnl": 0.350755
    },
    "BCH": {
      "count": 1,
      "pnl": 0.276452
    },
    "ARB": {
      "count": 3,
      "pnl": 0.438668
    },
    "OP": {
      "count": 12,
      "pnl": 0.04414899999999995
    },
    "FIL": {
      "count": 2,
      "pnl": 0.386639
    },
    "APT": {
      "count": 2,
      "pnl": 0.35539
    },
    "UNI": {
      "count": 2,
      "pnl": 0.532995
    },
    "DOT": {
      "count": 1,
      "pnl": 0.592105
    },
    "ICP": {
      "count": 3,
      "pnl": -0.11811
    },
    "AAVE": {
      "count": 24,
      "pnl": 0.7315480000000001
    },
    "WLD": {
      "count": 1,
      "pnl": -0.019481
    },
    "USDC": {
      "count": 17,
      "pnl": -0.005940000000000001
    },
    "DOGE": {
      "count": 25,
      "pnl": 0.6682650000000001
    },
    "XRP": {
      "count": 8,
      "pnl": -0.20979
    },
    "NEAR": {
      "count": 49,
      "pnl": -0.464811
    },
    "PEPE": {
      "count": 102,
      "pnl": 275.5840370000003
    },
    "LTC": {
      "count": 5,
      "pnl": 0.01675200000000003
    },
    "FLOW": {
      "count": 43,
      "pnl": 0.9875580000000006
    },
    "AVAX": {
      "count": 7,
      "pnl": 0.48711899999999997
    },
    "TRX": {
      "count": 5,
      "pnl": 0.07843900000000001
    },
    "ADA": {
      "count": 2,
      "pnl": 0.175152
    },
    "FET": {
      "count": 2,
      "pnl": -0.004575999999999999
    },
    "RENDER": {
      "count": 10,
      "pnl": 0.402684
    }
  }
}